<?xml version="1.0" encoding="UTF-8"?>
<metadata xml:lang="zh"><Esri><CreaDate>20230224</CreaDate><CreaTime>10235700</CreaTime><ArcGISFormat>1.0</ArcGISFormat><SyncOnce>TRUE</SyncOnce><DataProperties><lineage><Process ToolSource="d:\program files\arcgis\desktop10.2\ArcToolbox\Toolboxes\3D Analyst Tools.tbx\TinTriangle" Date="20230224" Time="102357">TinTriangle 300mdem_rastin D:\workspace2\Data_Preparation\part4compare\300mdem_rastin_TinTriangle.shp PERCENT 1 # #</Process></lineage></DataProperties></Esri></metadata>
