<?xml version="1.0" encoding="UTF-8"?>
<metadata xml:lang="zh"><Esri><CreaDate>20230224</CreaDate><CreaTime>10243800</CreaTime><ArcGISFormat>1.0</ArcGISFormat><SyncOnce>TRUE</SyncOnce><DataProperties><lineage><Process ToolSource="d:\program files\arcgis\desktop10.2\ArcToolbox\Toolboxes\3D Analyst Tools.tbx\TinNode" Date="20230224" Time="102438">TinNode 300mdem_rastin D:\workspace2\Data_Preparation\part4compare\300mdem_rastin_TinNode.shp # Tag_Value</Process></lineage></DataProperties></Esri></metadata>
